num,lon,lat
1,127.0589677,37.56338635
2,127.0589677,37.56338635
2,126.8608626,37.55797338
3,127.0785766,37.49946173
3,127.0589677,37.56338635
3,126.8608626,37.55797338
4,127.0785766,37.49946173
4,126.9060274,37.57353209
4,127.0589677,37.56338635
4,126.8608626,37.55797338
5,127.0785766,37.49946173
5,126.9060274,37.57353209
5,127.0589677,37.56338635
5,126.8608626,37.55797338
5,127.1034178,37.50856135
6,127.0668206,37.57603432
6,127.0785766,37.49946173
6,126.9060274,37.57353209
6,127.0589677,37.56338635
6,126.8608626,37.55797338
6,127.1034178,37.50856135
7,127.0668206,37.57603432
7,126.8602541,37.49667843
7,127.0785766,37.49946173
7,126.9060274,37.57353209
7,127.0589677,37.56338635
7,126.8608626,37.55797338
7,127.1034178,37.50856135
8,127.0668206,37.57603432
8,126.8602541,37.49667843
8,127.0785766,37.49946173
8,126.9060274,37.57353209
8,127.0589677,37.56338635
8,126.8608626,37.55797338
8,127.1034178,37.50856135
8,126.8771851,37.50127567
9,127.0668206,37.57603432
9,126.8602541,37.49667843
9,127.0785766,37.49946173
9,126.9060274,37.57353209
9,127.0589677,37.56338635
9,126.8608626,37.55797338
9,127.1034178,37.50856135
9,126.8164535,37.58566613
9,126.8771851,37.50127567
10,127.0668206,37.57603432
10,126.8602541,37.49667843
10,127.0785766,37.49946173
10,126.9060274,37.57353209
10,127.0589677,37.56338635
10,126.8608626,37.55797338
10,127.1034178,37.50856135
10,126.8164535,37.58566613
10,126.8771851,37.50127567
10,126.9022103,37.48427922
11,127.0668206,37.57603432
11,126.8602541,37.49667843
11,127.0169049,37.58936078
11,127.0785766,37.49946173
11,126.9060274,37.57353209
11,127.0589677,37.56338635
11,126.8608626,37.55797338
11,127.1034178,37.50856135
11,126.8164535,37.58566613
11,126.8771851,37.50127567
11,126.9022103,37.48427922
12,127.0668206,37.57603432
12,126.8602541,37.49667843
12,127.0169049,37.58936078
12,127.0785766,37.49946173
12,126.9060274,37.57353209
12,127.0589677,37.56338635
12,126.8608626,37.55797338
12,127.1034178,37.50856135
12,126.8164535,37.58566613
12,126.8771851,37.50127567
12,126.9022103,37.48427922
12,127.0737078,37.55983509
13,127.0668206,37.57603432
13,126.8602541,37.49667843
13,127.0169049,37.58936078
13,126.8270683,37.53885739
13,127.0785766,37.49946173
13,126.9060274,37.57353209
13,127.0589677,37.56338635
13,126.8608626,37.55797338
13,127.1034178,37.50856135
13,126.8164535,37.58566613
13,126.8771851,37.50127567
13,126.9022103,37.48427922
13,127.0737078,37.55983509
14,127.0668206,37.57603432
14,126.8602541,37.49667843
14,127.0169049,37.58936078
14,126.8270683,37.53885739
14,127.0356428,37.49028717
14,127.0785766,37.49946173
14,126.9060274,37.57353209
14,127.0589677,37.56338635
14,126.8608626,37.55797338
14,127.1034178,37.50856135
14,126.8164535,37.58566613
14,126.8771851,37.50127567
14,126.9022103,37.48427922
14,127.0737078,37.55983509
15,127.0668206,37.57603432
15,126.8602541,37.49667843
15,127.0169049,37.58936078
15,126.8270683,37.53885739
15,127.0356428,37.49028717
15,127.0785766,37.49946173
15,126.8475203,37.52995871
15,126.9060274,37.57353209
15,127.0589677,37.56338635
15,126.8608626,37.55797338
15,127.1034178,37.50856135
15,126.8164535,37.58566613
15,126.8771851,37.50127567
15,126.9022103,37.48427922
15,127.0737078,37.55983509
16,127.0668206,37.57603432
16,126.8602541,37.49667843
16,127.0169049,37.58936078
16,126.8270683,37.53885739
16,127.0356428,37.49028717
16,127.0785766,37.49946173
16,126.8475203,37.52995871
16,126.9060274,37.57353209
16,127.129303,37.53658752
16,127.0589677,37.56338635
16,126.8608626,37.55797338
16,127.1034178,37.50856135
16,126.8164535,37.58566613
16,126.8771851,37.50127567
16,126.9022103,37.48427922
16,127.0737078,37.55983509
17,127.0668206,37.57603432
17,126.8602541,37.49667843
17,127.0169049,37.58936078
17,126.8270683,37.53885739
17,127.0356428,37.49028717
17,127.0785766,37.49946173
17,126.8475203,37.52995871
17,126.9060274,37.57353209
17,127.129303,37.53658752
17,126.8316682,37.53077141
17,127.0589677,37.56338635
17,126.8608626,37.55797338
17,127.1034178,37.50856135
17,126.8164535,37.58566613
17,126.8771851,37.50127567
17,126.9022103,37.48427922
17,127.0737078,37.55983509
18,127.0668206,37.57603432
18,126.8602541,37.49667843
18,127.0169049,37.58936078
18,126.8270683,37.53885739
18,127.0356428,37.49028717
18,127.0785766,37.49946173
18,126.8475203,37.52995871
18,126.9060274,37.57353209
18,127.129303,37.53658752
18,126.8316682,37.53077141
18,126.8374145,37.52088897
18,127.0589677,37.56338635
18,126.8608626,37.55797338
18,127.1034178,37.50856135
18,126.8164535,37.58566613
18,126.8771851,37.50127567
18,126.9022103,37.48427922
18,127.0737078,37.55983509
19,127.0668206,37.57603432
19,126.8602541,37.49667843
19,127.0169049,37.58936078
19,126.8270683,37.53885739
19,127.0356428,37.49028717
19,127.0785766,37.49946173
19,126.8475203,37.52995871
19,126.9060274,37.57353209
19,127.129303,37.53658752
19,126.8316682,37.53077141
19,126.8374145,37.52088897
19,127.0589677,37.56338635
19,126.8608626,37.55797338
19,127.1317174,37.50594889
19,127.1034178,37.50856135
19,126.8164535,37.58566613
19,126.8771851,37.50127567
19,126.9022103,37.48427922
19,127.0737078,37.55983509
20,127.0668206,37.57603432
20,126.8602541,37.49667843
20,127.0169049,37.58936078
20,126.8270683,37.53885739
20,127.0356428,37.49028717
20,127.0785766,37.49946173
20,126.8475203,37.52995871
20,126.9060274,37.57353209
20,127.129303,37.53658752
20,126.8316682,37.53077141
20,126.8374145,37.52088897
20,127.0589677,37.56338635
20,126.8608626,37.55797338
20,127.1317174,37.50594889
20,127.032418,37.64440506
20,127.1034178,37.50856135
20,126.8164535,37.58566613
20,126.8771851,37.50127567
20,126.9022103,37.48427922
20,127.0737078,37.55983509
21,127.0668206,37.57603432
21,126.8602541,37.49667843
21,127.0169049,37.58936078
21,126.8270683,37.53885739
21,127.0356428,37.49028717
21,127.0785766,37.49946173
21,126.8475203,37.52995871
21,126.9060274,37.57353209
21,127.129303,37.53658752
21,126.8316682,37.53077141
21,126.8374145,37.52088897
21,127.0589677,37.56338635
21,126.8608626,37.55797338
21,127.1317174,37.50594889
21,127.032418,37.64440506
21,126.8978669,37.46172322
21,127.1034178,37.50856135
21,126.8164535,37.58566613
21,126.8771851,37.50127567
21,126.9022103,37.48427922
21,127.0737078,37.55983509
22,127.0668206,37.57603432
22,126.8602541,37.49667843
22,127.0169049,37.58936078
22,126.8270683,37.53885739
22,127.0356428,37.49028717
22,127.0785766,37.49946173
22,126.8475203,37.52995871
22,126.9060274,37.57353209
22,127.129303,37.53658752
22,126.8316682,37.53077141
22,126.8374145,37.52088897
22,127.0589677,37.56338635
22,126.8608626,37.55797338
22,127.1317174,37.50594889
22,127.032418,37.64440506
22,126.8978669,37.46172322
22,127.0609412,37.61296776
22,127.1034178,37.50856135
22,126.8164535,37.58566613
22,126.8771851,37.50127567
22,126.9022103,37.48427922
22,127.0737078,37.55983509
23,127.0668206,37.57603432
23,126.8602541,37.49667843
23,127.0169049,37.58936078
23,126.8270683,37.53885739
23,127.0356428,37.49028717
23,127.0785766,37.49946173
23,126.8475203,37.52995871
23,126.9060274,37.57353209
23,127.129303,37.53658752
23,126.8316682,37.53077141
23,126.8374145,37.52088897
23,127.0589677,37.56338635
23,126.8608626,37.55797338
23,127.1317174,37.50594889
23,127.032418,37.64440506
23,126.8978669,37.46172322
23,127.0609412,37.61296776
23,127.0413863,37.66066431
23,127.1034178,37.50856135
23,126.8164535,37.58566613
23,126.8771851,37.50127567
23,126.9022103,37.48427922
23,127.0737078,37.55983509
24,127.0668206,37.57603432
24,126.8602541,37.49667843
24,127.0169049,37.58936078
24,126.8270683,37.53885739
24,127.0356428,37.49028717
24,127.0785766,37.49946173
24,126.8475203,37.52995871
24,126.9060274,37.57353209
24,127.129303,37.53658752
24,126.8316682,37.53077141
24,126.8374145,37.52088897
24,127.0589677,37.56338635
24,126.8608626,37.55797338
24,127.1317174,37.50594889
24,127.032418,37.64440506
24,126.8978669,37.46172322
24,127.0609412,37.61296776
24,127.0413863,37.66066431
24,127.075778,37.59409379
24,127.1034178,37.50856135
24,126.8164535,37.58566613
24,126.8771851,37.50127567
24,126.9022103,37.48427922
24,127.0737078,37.55983509
25,127.0668206,37.57603432
25,126.8602541,37.49667843
25,127.0169049,37.58936078
25,126.8270683,37.53885739
25,127.0356428,37.49028717
25,127.0785766,37.49946173
25,126.8475203,37.52995871
25,126.9060274,37.57353209
25,127.129303,37.53658752
25,126.8316682,37.53077141
25,126.8374145,37.52088897
25,127.0589677,37.56338635
25,126.8608626,37.55797338
25,127.1317174,37.50594889
25,127.032418,37.64440506
25,126.8978669,37.46172322
25,127.0609412,37.61296776
25,127.0413863,37.66066431
25,127.075778,37.59409379
25,127.0840381,37.53463405
25,127.1034178,37.50856135
25,126.8164535,37.58566613
25,126.8771851,37.50127567
25,126.9022103,37.48427922
25,127.0737078,37.55983509
26,127.0668206,37.57603432
26,126.8602541,37.49667843
26,127.0169049,37.58936078
26,126.8270683,37.53885739
26,127.0356428,37.49028717
26,127.0785766,37.49946173
26,126.8475203,37.52995871
26,126.9060274,37.57353209
26,127.129303,37.53658752
26,126.8316682,37.53077141
26,126.8374145,37.52088897
26,127.0589677,37.56338635
26,126.8608626,37.55797338
26,127.1317174,37.50594889
26,127.032418,37.64440506
26,126.8978669,37.46172322
26,127.0609412,37.61296776
26,127.0413863,37.66066431
26,127.075778,37.59409379
26,127.0840381,37.53463405
26,127.1034178,37.50856135
26,127.0279354,37.63627517
26,126.8164535,37.58566613
26,126.8771851,37.50127567
26,126.9022103,37.48427922
26,127.0737078,37.55983509
27,127.0668206,37.57603432
27,126.8602541,37.49667843
27,127.0169049,37.58936078
27,126.8270683,37.53885739
27,127.0356428,37.49028717
27,127.0785766,37.49946173
27,126.8475203,37.52995871
27,126.9060274,37.57353209
27,127.129303,37.53658752
27,126.8316682,37.53077141
27,126.8374145,37.52088897
27,127.0589677,37.56338635
27,126.8608626,37.55797338
27,127.1317174,37.50594889
27,127.032418,37.64440506
27,126.8978669,37.46172322
27,127.0609412,37.61296776
27,127.0413863,37.66066431
27,127.075778,37.59409379
27,127.0840381,37.53463405
27,127.1034178,37.50856135
27,127.0279354,37.63627517
27,127.0599462,37.5895291
27,126.8164535,37.58566613
27,126.8771851,37.50127567
27,126.9022103,37.48427922
27,127.0737078,37.55983509
28,127.0668206,37.57603432
28,126.8602541,37.49667843
28,127.0169049,37.58936078
28,126.8270683,37.53885739
28,127.0356428,37.49028717
28,127.0785766,37.49946173
28,126.8475203,37.52995871
28,126.9060274,37.57353209
28,127.129303,37.53658752
28,126.8316682,37.53077141
28,126.8374145,37.52088897
28,127.0589677,37.56338635
28,126.8608626,37.55797338
28,127.1317174,37.50594889
28,127.032418,37.64440506
28,126.8978669,37.46172322
28,127.0609412,37.61296776
28,127.0413863,37.66066431
28,127.075778,37.59409379
28,127.0840381,37.53463405
28,127.1034178,37.50856135
28,127.0279354,37.63627517
28,127.0599462,37.5895291
28,126.8995368,37.53564274
28,126.8164535,37.58566613
28,126.8771851,37.50127567
28,126.9022103,37.48427922
28,127.0737078,37.55983509
29,127.0668206,37.57603432
29,126.8602541,37.49667843
29,127.0169049,37.58936078
29,126.8270683,37.53885739
29,127.0356428,37.49028717
29,127.0785766,37.49946173
29,126.8475203,37.52995871
29,126.9060274,37.57353209
29,127.129303,37.53658752
29,126.8316682,37.53077141
29,126.8374145,37.52088897
29,127.0589677,37.56338635
29,126.8608626,37.55797338
29,127.1317174,37.50594889
29,127.032418,37.64440506
29,126.8978669,37.46172322
29,127.0609412,37.61296776
29,127.0413863,37.66066431
29,127.075778,37.59409379
29,127.0840381,37.53463405
29,127.1034178,37.50856135
29,127.0279354,37.63627517
29,127.0599462,37.5895291
29,126.8995368,37.53564274
29,126.9531867,37.47370984
29,126.8164535,37.58566613
29,126.8771851,37.50127567
29,126.9022103,37.48427922
29,127.0737078,37.55983509
30,127.0668206,37.57603432
30,126.8602541,37.49667843
30,127.0169049,37.58936078
30,126.8270683,37.53885739
30,127.0356428,37.49028717
30,127.0785766,37.49946173
30,126.8475203,37.52995871
30,126.9060274,37.57353209
30,127.129303,37.53658752
30,126.8316682,37.53077141
30,126.8374145,37.52088897
30,127.0589677,37.56338635
30,126.8608626,37.55797338
30,127.1317174,37.50594889
30,127.032418,37.64440506
30,126.8978669,37.46172322
30,127.0609412,37.61296776
30,127.0413863,37.66066431
30,127.075778,37.59409379
30,127.0840381,37.53463405
30,127.1034178,37.50856135
30,127.0279354,37.63627517
30,127.0599462,37.5895291
30,126.8995368,37.53564274
30,126.9531867,37.47370984
30,126.929239,37.49973594
30,126.8164535,37.58566613
30,126.8771851,37.50127567
30,126.9022103,37.48427922
30,127.0737078,37.55983509
31,127.0668206,37.57603432
31,126.8602541,37.49667843
31,127.0169049,37.58936078
31,126.8270683,37.53885739
31,127.0356428,37.49028717
31,127.0785766,37.49946173
31,126.8475203,37.52995871
31,126.9060274,37.57353209
31,127.129303,37.53658752
31,126.8316682,37.53077141
31,126.8374145,37.52088897
31,127.0589677,37.56338635
31,126.8608626,37.55797338
31,127.1317174,37.50594889
31,127.032418,37.64440506
31,126.8978669,37.46172322
31,127.0609412,37.61296776
31,127.0413863,37.66066431
31,127.075778,37.59409379
31,127.0840381,37.53463405
31,127.1034178,37.50856135
31,127.0279354,37.63627517
31,127.0599462,37.5895291
31,126.8995368,37.53564274
31,126.9531867,37.47370984
31,126.929239,37.49973594
31,127.0983262,37.61400227
31,126.8164535,37.58566613
31,126.8771851,37.50127567
31,126.9022103,37.48427922
31,127.0737078,37.55983509
32,127.0668206,37.57603432
32,126.8602541,37.49667843
32,127.0169049,37.58936078
32,126.8270683,37.53885739
32,127.0356428,37.49028717
32,127.0785766,37.49946173
32,126.8475203,37.52995871
32,126.9060274,37.57353209
32,127.129303,37.53658752
32,126.8316682,37.53077141
32,126.8374145,37.52088897
32,127.0589677,37.56338635
32,126.8608626,37.55797338
32,127.1317174,37.50594889
32,127.032418,37.64440506
32,126.8978669,37.46172322
32,127.0609412,37.61296776
32,127.0413863,37.66066431
32,127.075778,37.59409379
32,127.0840381,37.53463405
32,127.1034178,37.50856135
32,127.0279354,37.63627517
32,127.0599462,37.5895291
32,126.8995368,37.53564274
32,126.9531867,37.47370984
32,126.929239,37.49973594
32,127.0983262,37.61400227
32,127.0522496,37.55074215
32,126.8164535,37.58566613
32,126.8771851,37.50127567
32,126.9022103,37.48427922
32,127.0737078,37.55983509
33,127.0668206,37.57603432
33,126.8602541,37.49667843
33,127.0169049,37.58936078
33,126.8270683,37.53885739
33,127.0356428,37.49028717
33,127.0785766,37.49946173
33,126.8475203,37.52995871
33,126.9060274,37.57353209
33,127.129303,37.53658752
33,126.8316682,37.53077141
33,126.8374145,37.52088897
33,127.0589677,37.56338635
33,126.8608626,37.55797338
33,127.1317174,37.50594889
33,127.032418,37.64440506
33,126.8978669,37.46172322
33,127.0609412,37.61296776
33,127.0413863,37.66066431
33,127.075778,37.59409379
33,127.0840381,37.53463405
33,127.1034178,37.50856135
33,127.0279354,37.63627517
33,127.0599462,37.5895291
33,126.8995368,37.53564274
33,126.9531867,37.47370984
33,126.929239,37.49973594
33,127.0983262,37.61400227
33,127.0522496,37.55074215
33,127.0792574,37.57968469
33,126.8164535,37.58566613
33,126.8771851,37.50127567
33,126.9022103,37.48427922
33,127.0737078,37.55983509
34,127.0668206,37.57603432
34,126.8602541,37.49667843
34,127.0169049,37.58936078
34,126.8270683,37.53885739
34,127.0356428,37.49028717
34,127.0785766,37.49946173
34,126.8475203,37.52995871
34,126.9060274,37.57353209
34,127.129303,37.53658752
34,126.8316682,37.53077141
34,126.8374145,37.52088897
34,127.0589677,37.56338635
34,126.8608626,37.55797338
34,127.1317174,37.50594889
34,127.032418,37.64440506
34,126.8978669,37.46172322
34,127.0609412,37.61296776
34,127.0413863,37.66066431
34,127.075778,37.59409379
34,127.0840381,37.53463405
34,127.1034178,37.50856135
34,127.0279354,37.63627517
34,127.0599462,37.5895291
34,126.8995368,37.53564274
34,126.9531867,37.47370984
34,126.929239,37.49973594
34,127.0983262,37.61400227
34,127.0522496,37.55074215
34,127.0792574,37.57968469
34,127.0770739,37.5652553
34,126.8164535,37.58566613
34,126.8771851,37.50127567
34,126.9022103,37.48427922
34,127.0737078,37.55983509
35,127.0668206,37.57603432
35,126.8602541,37.49667843
35,127.0169049,37.58936078
35,126.8270683,37.53885739
35,127.0356428,37.49028717
35,127.0785766,37.49946173
35,126.8475203,37.52995871
35,126.9060274,37.57353209
35,127.129303,37.53658752
35,126.8316682,37.53077141
35,126.8374145,37.52088897
35,127.0589677,37.56338635
35,126.8608626,37.55797338
35,127.1317174,37.50594889
35,127.032418,37.64440506
35,126.8978669,37.46172322
35,127.0609412,37.61296776
35,127.0413863,37.66066431
35,127.075778,37.59409379
35,127.0840381,37.53463405
35,127.1034178,37.50856135
35,127.0279354,37.63627517
35,127.0599462,37.5895291
35,126.8995368,37.53564274
35,126.9531867,37.47370984
35,126.929239,37.49973594
35,127.0983262,37.61400227
35,127.0522496,37.55074215
35,127.0792574,37.57968469
35,127.0770739,37.5652553
35,127.0675304,37.64904569
35,126.8164535,37.58566613
35,126.8771851,37.50127567
35,126.9022103,37.48427922
35,127.0737078,37.55983509
36,127.0668206,37.57603432
36,126.8602541,37.49667843
36,127.0169049,37.58936078
36,126.8270683,37.53885739
36,127.0356428,37.49028717
36,127.0785766,37.49946173
36,126.8475203,37.52995871
36,126.9060274,37.57353209
36,127.129303,37.53658752
36,126.8316682,37.53077141
36,126.8374145,37.52088897
36,127.0589677,37.56338635
36,126.8608626,37.55797338
36,127.1317174,37.50594889
36,127.032418,37.64440506
36,126.8978669,37.46172322
36,127.0609412,37.61296776
36,127.0413863,37.66066431
36,127.075778,37.59409379
36,127.0840381,37.53463405
36,127.1034178,37.50856135
36,127.0279354,37.63627517
36,127.0599462,37.5895291
36,126.8995368,37.53564274
36,126.9531867,37.47370984
36,126.929239,37.49973594
36,127.0983262,37.61400227
36,127.0522496,37.55074215
36,127.0792574,37.57968469
36,127.0770739,37.5652553
36,127.0675304,37.64904569
36,126.8376614,37.49294851
36,126.8164535,37.58566613
36,126.8771851,37.50127567
36,126.9022103,37.48427922
36,127.0737078,37.55983509
37,127.0668206,37.57603432
37,126.8602541,37.49667843
37,127.0169049,37.58936078
37,126.8270683,37.53885739
37,127.0356428,37.49028717
37,127.0785766,37.49946173
37,126.8475203,37.52995871
37,126.9060274,37.57353209
37,127.129303,37.53658752
37,126.8316682,37.53077141
37,126.8374145,37.52088897
37,127.0589677,37.56338635
37,126.8608626,37.55797338
37,127.1317174,37.50594889
37,127.032418,37.64440506
37,126.8978669,37.46172322
37,127.0609412,37.61296776
37,127.0413863,37.66066431
37,127.075778,37.59409379
37,127.0840381,37.53463405
37,127.1034178,37.50856135
37,127.0279354,37.63627517
37,127.0599462,37.5895291
37,126.8995368,37.53564274
37,126.9531867,37.47370984
37,126.929239,37.49973594
37,127.0983262,37.61400227
37,127.0522496,37.55074215
37,127.0792574,37.57968469
37,127.0770739,37.5652553
37,127.0675304,37.64904569
37,126.8376614,37.49294851
37,127.0117006,37.51903408
37,126.8164535,37.58566613
37,126.8771851,37.50127567
37,126.9022103,37.48427922
37,127.0737078,37.55983509
38,127.0668206,37.57603432
38,126.8602541,37.49667843
38,127.0169049,37.58936078
38,126.8270683,37.53885739
38,127.0356428,37.49028717
38,127.0785766,37.49946173
38,126.8475203,37.52995871
38,126.9060274,37.57353209
38,127.129303,37.53658752
38,126.8316682,37.53077141
38,126.8374145,37.52088897
38,127.0589677,37.56338635
38,126.8608626,37.55797338
38,127.1317174,37.50594889
38,127.032418,37.64440506
38,126.8978669,37.46172322
38,127.0609412,37.61296776
38,127.0413863,37.66066431
38,127.075778,37.59409379
38,127.0840381,37.53463405
38,127.1034178,37.50856135
38,127.0279354,37.63627517
38,127.0599462,37.5895291
38,126.8995368,37.53564274
38,126.9531867,37.47370984
38,126.929239,37.49973594
38,127.0983262,37.61400227
38,127.0522496,37.55074215
38,127.0792574,37.57968469
38,127.0770739,37.5652553
38,127.0675304,37.64904569
38,126.8376614,37.49294851
38,127.0117006,37.51903408
38,127.128095,37.55190676
38,126.8164535,37.58566613
38,126.8771851,37.50127567
38,126.9022103,37.48427922
38,127.0737078,37.55983509
39,127.0668206,37.57603432
39,126.8602541,37.49667843
39,127.0169049,37.58936078
39,126.8270683,37.53885739
39,127.0356428,37.49028717
39,127.0785766,37.49946173
39,126.8475203,37.52995871
39,126.9060274,37.57353209
39,127.129303,37.53658752
39,126.8316682,37.53077141
39,126.8374145,37.52088897
39,127.0589677,37.56338635
39,126.8608626,37.55797338
39,127.1317174,37.50594889
39,127.032418,37.64440506
39,126.8978669,37.46172322
39,127.0609412,37.61296776
39,127.0413863,37.66066431
39,127.075778,37.59409379
39,127.0840381,37.53463405
39,127.1034178,37.50856135
39,127.0279354,37.63627517
39,127.0599462,37.5895291
39,126.8995368,37.53564274
39,126.9531867,37.47370984
39,126.929239,37.49973594
39,127.0983262,37.61400227
39,127.0522496,37.55074215
39,127.0792574,37.57968469
39,127.0770739,37.5652553
39,127.0675304,37.64904569
39,126.8376614,37.49294851
39,127.0117006,37.51903408
39,127.128095,37.55190676
39,126.8164535,37.58566613
39,126.8771851,37.50127567
39,126.9022103,37.48427922
39,126.9825529,37.47925026
39,127.0737078,37.55983509
40,127.0668206,37.57603432
40,126.8602541,37.49667843
40,127.0169049,37.58936078
40,126.8270683,37.53885739
40,127.0356428,37.49028717
40,127.0785766,37.49946173
40,126.8475203,37.52995871
40,126.9060274,37.57353209
40,127.129303,37.53658752
40,126.8316682,37.53077141
40,126.8374145,37.52088897
40,127.0589677,37.56338635
40,126.8608626,37.55797338
40,127.1317174,37.50594889
40,127.032418,37.64440506
40,126.8978669,37.46172322
40,127.0609412,37.61296776
40,127.0413863,37.66066431
40,127.075778,37.59409379
40,127.0840381,37.53463405
40,127.1034178,37.50856135
40,127.0279354,37.63627517
40,127.0599462,37.5895291
40,126.8995368,37.53564274
40,126.9531867,37.47370984
40,126.929239,37.49973594
40,127.0983262,37.61400227
40,127.0522496,37.55074215
40,127.0792574,37.57968469
40,127.0770739,37.5652553
40,127.0675304,37.64904569
40,126.8376614,37.49294851
40,127.0117006,37.51903408
40,127.128095,37.55190676
40,126.8164535,37.58566613
40,126.8771851,37.50127567
40,126.9022103,37.48427922
40,126.9825529,37.47925026
40,127.0737078,37.55983509
40,127.0722508,37.61661466
41,127.0668206,37.57603432
41,126.8602541,37.49667843
41,127.0169049,37.58936078
41,126.8270683,37.53885739
41,127.0356428,37.49028717
41,127.0785766,37.49946173
41,126.8475203,37.52995871
41,126.9060274,37.57353209
41,127.129303,37.53658752
41,126.8316682,37.53077141
41,126.8374145,37.52088897
41,127.0589677,37.56338635
41,126.8608626,37.55797338
41,127.1317174,37.50594889
41,127.032418,37.64440506
41,126.8978669,37.46172322
41,127.0609412,37.61296776
41,127.0413863,37.66066431
41,127.075778,37.59409379
41,127.0840381,37.53463405
41,127.1034178,37.50856135
41,127.0279354,37.63627517
41,127.0599462,37.5895291
41,126.8995368,37.53564274
41,126.9531867,37.47370984
41,126.929239,37.49973594
41,127.0983262,37.61400227
41,127.0522496,37.55074215
41,127.0792574,37.57968469
41,127.0770739,37.5652553
41,127.0675304,37.64904569
41,126.8376614,37.49294851
41,127.0117006,37.51903408
41,127.128095,37.55190676
41,126.8164535,37.58566613
41,126.8771851,37.50127567
41,126.9022103,37.48427922
41,126.9825529,37.47925026
41,126.9950363,37.47299474
41,127.0737078,37.55983509
41,127.0722508,37.61661466
42,127.0668206,37.57603432
42,126.8602541,37.49667843
42,127.0169049,37.58936078
42,126.8270683,37.53885739
42,127.0356428,37.49028717
42,127.0785766,37.49946173
42,126.8475203,37.52995871
42,126.9060274,37.57353209
42,127.129303,37.53658752
42,126.8316682,37.53077141
42,126.8374145,37.52088897
42,127.0589677,37.56338635
42,126.8608626,37.55797338
42,127.1317174,37.50594889
42,127.032418,37.64440506
42,126.8978669,37.46172322
42,127.0609412,37.61296776
42,127.0413863,37.66066431
42,127.075778,37.59409379
42,127.0840381,37.53463405
42,127.1034178,37.50856135
42,127.0279354,37.63627517
42,127.0599462,37.5895291
42,126.8995368,37.53564274
42,126.9531867,37.47370984
42,126.929239,37.49973594
42,127.0983262,37.61400227
42,127.0522496,37.55074215
42,127.0792574,37.57968469
42,127.0770739,37.5652553
42,127.0675304,37.64904569
42,126.8376614,37.49294851
42,127.0117006,37.51903408
42,127.128095,37.55190676
42,126.8164535,37.58566613
42,126.8771851,37.50127567
42,126.9022103,37.48427922
42,126.9825529,37.47925026
42,126.9950363,37.47299474
42,127.0737078,37.55983509
42,127.0222801,37.63444973
42,127.0722508,37.61661466
43,127.0668206,37.57603432
43,126.8602541,37.49667843
43,127.0169049,37.58936078
43,126.8270683,37.53885739
43,127.0356428,37.49028717
43,127.0785766,37.49946173
43,126.8475203,37.52995871
43,126.9060274,37.57353209
43,127.129303,37.53658752
43,126.8316682,37.53077141
43,126.8374145,37.52088897
43,127.0589677,37.56338635
43,126.8608626,37.55797338
43,127.1317174,37.50594889
43,127.032418,37.64440506
43,126.8978669,37.46172322
43,127.0609412,37.61296776
43,127.0413863,37.66066431
43,127.075778,37.59409379
43,127.0840381,37.53463405
43,127.1034178,37.50856135
43,127.0279354,37.63627517
43,127.0599462,37.5895291
43,126.8995368,37.53564274
43,126.9531867,37.47370984
43,126.929239,37.49973594
43,127.0983262,37.61400227
43,127.0522496,37.55074215
43,127.0792574,37.57968469
43,127.0770739,37.5652553
43,127.0675304,37.64904569
43,126.8376614,37.49294851
43,127.0117006,37.51903408
43,127.128095,37.55190676
43,126.8164535,37.58566613
43,126.8771851,37.50127567
43,126.9022103,37.48427922
43,126.9825529,37.47925026
43,126.9950363,37.47299474
43,127.0737078,37.55983509
43,127.0222801,37.63444973
43,127.0438522,37.62822573
43,127.0722508,37.61661466
44,127.0668206,37.57603432
44,126.8602541,37.49667843
44,127.0169049,37.58936078
44,126.8270683,37.53885739
44,127.0356428,37.49028717
44,127.0785766,37.49946173
44,126.8475203,37.52995871
44,126.9060274,37.57353209
44,127.129303,37.53658752
44,126.8316682,37.53077141
44,126.8374145,37.52088897
44,127.0589677,37.56338635
44,126.8608626,37.55797338
44,127.1317174,37.50594889
44,127.032418,37.64440506
44,126.8978669,37.46172322
44,127.0609412,37.61296776
44,127.0413863,37.66066431
44,127.075778,37.59409379
44,127.0840381,37.53463405
44,127.1034178,37.50856135
44,127.0279354,37.63627517
44,127.0599462,37.5895291
44,126.8995368,37.53564274
44,126.9531867,37.47370984
44,126.929239,37.49973594
44,127.0983262,37.61400227
44,127.0522496,37.55074215
44,127.0792574,37.57968469
44,127.0770739,37.5652553
44,127.0675304,37.64904569
44,126.8376614,37.49294851
44,127.0117006,37.51903408
44,127.128095,37.55190676
44,126.8164535,37.58566613
44,126.8771851,37.50127567
44,126.9022103,37.48427922
44,126.9825529,37.47925026
44,126.9950363,37.47299474
44,127.0737078,37.55983509
44,127.0222801,37.63444973
44,127.0438522,37.62822573
44,127.1017975,37.60049387
44,127.0722508,37.61661466
45,127.0668206,37.57603432
45,126.8602541,37.49667843
45,127.0169049,37.58936078
45,126.8270683,37.53885739
45,127.0356428,37.49028717
45,127.0785766,37.49946173
45,126.8475203,37.52995871
45,126.9060274,37.57353209
45,127.129303,37.53658752
45,126.8316682,37.53077141
45,126.8374145,37.52088897
45,127.0589677,37.56338635
45,126.8608626,37.55797338
45,127.1317174,37.50594889
45,127.032418,37.64440506
45,126.8978669,37.46172322
45,127.0609412,37.61296776
45,127.0413863,37.66066431
45,127.075778,37.59409379
45,127.0840381,37.53463405
45,127.1034178,37.50856135
45,127.0279354,37.63627517
45,127.0599462,37.5895291
45,126.8995368,37.53564274
45,126.9531867,37.47370984
45,126.929239,37.49973594
45,127.0983262,37.61400227
45,127.0522496,37.55074215
45,127.0792574,37.57968469
45,127.0770739,37.5652553
45,127.0675304,37.64904569
45,126.8376614,37.49294851
45,127.0117006,37.51903408
45,127.128095,37.55190676
45,126.8164535,37.58566613
45,126.8771851,37.50127567
45,126.9022103,37.48427922
45,126.9825529,37.47925026
45,126.9950363,37.47299474
45,127.0737078,37.55983509
45,127.0222801,37.63444973
45,127.0438522,37.62822573
45,127.1017975,37.60049387
45,126.8301412,37.57492854
45,127.0722508,37.61661466
46,127.0668206,37.57603432
46,126.8602541,37.49667843
46,127.0169049,37.58936078
46,126.8270683,37.53885739
46,127.0356428,37.49028717
46,127.0785766,37.49946173
46,126.8475203,37.52995871
46,126.9060274,37.57353209
46,127.129303,37.53658752
46,126.8316682,37.53077141
46,126.8374145,37.52088897
46,127.0589677,37.56338635
46,126.8608626,37.55797338
46,127.1317174,37.50594889
46,127.032418,37.64440506
46,126.8978669,37.46172322
46,127.0609412,37.61296776
46,127.0413863,37.66066431
46,127.075778,37.59409379
46,127.0840381,37.53463405
46,127.1034178,37.50856135
46,127.0279354,37.63627517
46,127.0599462,37.5895291
46,126.8995368,37.53564274
46,126.9531867,37.47370984
46,126.929239,37.49973594
46,127.0983262,37.61400227
46,127.0522496,37.55074215
46,127.0792574,37.57968469
46,127.0770739,37.5652553
46,127.0675304,37.64904569
46,126.8376614,37.49294851
46,127.0117006,37.51903408
46,127.128095,37.55190676
46,126.8164535,37.58566613
46,126.8771851,37.50127567
46,126.9022103,37.48427922
46,126.9825529,37.47925026
46,126.9950363,37.47299474
46,127.0737078,37.55983509
46,127.0222801,37.63444973
46,127.0438522,37.62822573
46,127.1017975,37.60049387
46,126.8301412,37.57492854
46,126.8177259,37.57035075
46,127.0722508,37.61661466
47,127.0668206,37.57603432
47,126.8602541,37.49667843
47,127.0169049,37.58936078
47,126.8270683,37.53885739
47,127.0356428,37.49028717
47,127.0785766,37.49946173
47,126.8475203,37.52995871
47,126.9060274,37.57353209
47,127.129303,37.53658752
47,126.8316682,37.53077141
47,126.8374145,37.52088897
47,127.0589677,37.56338635
47,126.8608626,37.55797338
47,127.1317174,37.50594889
47,127.032418,37.64440506
47,126.8978669,37.46172322
47,127.0609412,37.61296776
47,127.0413863,37.66066431
47,127.075778,37.59409379
47,127.0840381,37.53463405
47,127.1034178,37.50856135
47,127.0279354,37.63627517
47,127.0599462,37.5895291
47,126.8995368,37.53564274
47,126.9531867,37.47370984
47,126.929239,37.49973594
47,127.0983262,37.61400227
47,127.0522496,37.55074215
47,127.0792574,37.57968469
47,127.0770739,37.5652553
47,127.0675304,37.64904569
47,126.8376614,37.49294851
47,127.0117006,37.51903408
47,127.128095,37.55190676
47,126.8164535,37.58566613
47,126.8771851,37.50127567
47,126.9022103,37.48427922
47,126.9825529,37.47925026
47,126.9950363,37.47299474
47,127.0737078,37.55983509
47,127.0222801,37.63444973
47,127.0438522,37.62822573
47,127.1017975,37.60049387
47,126.8301412,37.57492854
47,126.8177259,37.57035075
47,126.900322,37.57891129
47,127.0722508,37.61661466
48,127.0668206,37.57603432
48,126.8602541,37.49667843
48,127.0169049,37.58936078
48,126.8270683,37.53885739
48,127.0356428,37.49028717
48,127.0785766,37.49946173
48,126.8475203,37.52995871
48,126.9060274,37.57353209
48,127.129303,37.53658752
48,126.8316682,37.53077141
48,126.8374145,37.52088897
48,127.0589677,37.56338635
48,126.8608626,37.55797338
48,127.1317174,37.50594889
48,127.032418,37.64440506
48,126.8978669,37.46172322
48,127.0609412,37.61296776
48,127.0413863,37.66066431
48,127.075778,37.59409379
48,127.0840381,37.53463405
48,127.1034178,37.50856135
48,127.0279354,37.63627517
48,127.0599462,37.5895291
48,126.8995368,37.53564274
48,126.9531867,37.47370984
48,126.929239,37.49973594
48,127.0983262,37.61400227
48,127.0522496,37.55074215
48,127.0792574,37.57968469
48,127.0770739,37.5652553
48,127.0675304,37.64904569
48,126.8376614,37.49294851
48,127.0117006,37.51903408
48,127.128095,37.55190676
48,126.8164535,37.58566613
48,126.8771851,37.50127567
48,126.9022103,37.48427922
48,126.9825529,37.47925026
48,126.9950363,37.47299474
48,127.0737078,37.55983509
48,127.0222801,37.63444973
48,127.0438522,37.62822573
48,127.1017975,37.60049387
48,126.8301412,37.57492854
48,126.8177259,37.57035075
48,126.900322,37.57891129
48,127.0559692,37.68685877
48,127.0722508,37.61661466
49,127.0668206,37.57603432
49,126.8602541,37.49667843
49,127.0169049,37.58936078
49,126.8270683,37.53885739
49,127.0356428,37.49028717
49,127.0785766,37.49946173
49,126.8475203,37.52995871
49,126.9060274,37.57353209
49,127.129303,37.53658752
49,126.8316682,37.53077141
49,126.8374145,37.52088897
49,127.0589677,37.56338635
49,126.8608626,37.55797338
49,127.1317174,37.50594889
49,127.032418,37.64440506
49,126.8978669,37.46172322
49,127.0609412,37.61296776
49,127.0413863,37.66066431
49,127.075778,37.59409379
49,127.0840381,37.53463405
49,127.1034178,37.50856135
49,127.0279354,37.63627517
49,127.0599462,37.5895291
49,126.8995368,37.53564274
49,126.9531867,37.47370984
49,126.929239,37.49973594
49,127.0983262,37.61400227
49,127.0522496,37.55074215
49,127.0792574,37.57968469
49,127.0770739,37.5652553
49,127.0675304,37.64904569
49,126.8376614,37.49294851
49,127.0117006,37.51903408
49,127.128095,37.55190676
49,126.8164535,37.58566613
49,126.8771851,37.50127567
49,126.9022103,37.48427922
49,126.9825529,37.47925026
49,126.9950363,37.47299474
49,127.0737078,37.55983509
49,127.0222801,37.63444973
49,127.0438522,37.62822573
49,127.1017975,37.60049387
49,126.8301412,37.57492854
49,126.8177259,37.57035075
49,126.900322,37.57891129
49,127.0560606,37.67153646
49,127.0559692,37.68685877
49,127.0722508,37.61661466
50,127.0668206,37.57603432
50,126.8602541,37.49667843
50,127.0169049,37.58936078
50,126.8270683,37.53885739
50,127.0356428,37.49028717
50,127.0785766,37.49946173
50,126.8475203,37.52995871
50,126.9060274,37.57353209
50,127.129303,37.53658752
50,126.8316682,37.53077141
50,126.8374145,37.52088897
50,127.0589677,37.56338635
50,126.8608626,37.55797338
50,127.1317174,37.50594889
50,127.032418,37.64440506
50,126.8978669,37.46172322
50,127.0609412,37.61296776
50,127.0413863,37.66066431
50,127.075778,37.59409379
50,127.0840381,37.53463405
50,127.1034178,37.50856135
50,127.0279354,37.63627517
50,127.0599462,37.5895291
50,126.8995368,37.53564274
50,126.9531867,37.47370984
50,126.929239,37.49973594
50,127.0983262,37.61400227
50,127.0522496,37.55074215
50,127.0792574,37.57968469
50,127.0770739,37.5652553
50,127.0675304,37.64904569
50,126.8376614,37.49294851
50,127.0117006,37.51903408
50,127.128095,37.55190676
50,126.8164535,37.58566613
50,126.8771851,37.50127567
50,126.9022103,37.48427922
50,126.9825529,37.47925026
50,126.9950363,37.47299474
50,127.0737078,37.55983509
50,127.0222801,37.63444973
50,127.0438522,37.62822573
50,127.1017975,37.60049387
50,126.8301412,37.57492854
50,126.8177259,37.57035075
50,126.900322,37.57891129
50,127.0560606,37.67153646
50,127.0559692,37.68685877
50,126.9649835,37.5638992
50,127.0722508,37.61661466
51,127.0668206,37.57603432
51,126.8602541,37.49667843
51,127.0169049,37.58936078
51,126.8270683,37.53885739
51,127.0356428,37.49028717
51,127.0785766,37.49946173
51,126.8475203,37.52995871
51,126.9060274,37.57353209
51,127.129303,37.53658752
51,126.8316682,37.53077141
51,126.8374145,37.52088897
51,127.0589677,37.56338635
51,126.8608626,37.55797338
51,127.1317174,37.50594889
51,127.032418,37.64440506
51,126.8978669,37.46172322
51,127.0609412,37.61296776
51,127.0413863,37.66066431
51,127.075778,37.59409379
51,127.0840381,37.53463405
51,127.1034178,37.50856135
51,127.0279354,37.63627517
51,127.0599462,37.5895291
51,126.8995368,37.53564274
51,126.9531867,37.47370984
51,126.929239,37.49973594
51,127.0983262,37.61400227
51,127.0522496,37.55074215
51,127.0792574,37.57968469
51,127.0770739,37.5652553
51,127.0675304,37.64904569
51,126.8376614,37.49294851
51,127.0117006,37.51903408
51,127.128095,37.55190676
51,126.8164535,37.58566613
51,126.8771851,37.50127567
51,126.9022103,37.48427922
51,126.9825529,37.47925026
51,126.9950363,37.47299474
51,127.0737078,37.55983509
51,127.0222801,37.63444973
51,127.0438522,37.62822573
51,127.1017975,37.60049387
51,126.8301412,37.57492854
51,126.8177259,37.57035075
51,126.900322,37.57891129
51,127.0560606,37.67153646
51,127.0559692,37.68685877
51,126.9649835,37.5638992
51,126.9339614,37.47361931
51,127.0722508,37.61661466
52,127.0668206,37.57603432
52,126.8602541,37.49667843
52,127.0169049,37.58936078
52,126.8270683,37.53885739
52,127.0356428,37.49028717
52,127.0785766,37.49946173
52,126.8475203,37.52995871
52,126.9060274,37.57353209
52,127.129303,37.53658752
52,126.8316682,37.53077141
52,126.8374145,37.52088897
52,127.0589677,37.56338635
52,126.8608626,37.55797338
52,127.1317174,37.50594889
52,127.032418,37.64440506
52,126.8978669,37.46172322
52,127.0609412,37.61296776
52,127.0413863,37.66066431
52,127.075778,37.59409379
52,127.0840381,37.53463405
52,127.1034178,37.50856135
52,127.0279354,37.63627517
52,127.0599462,37.5895291
52,126.8995368,37.53564274
52,126.9531867,37.47370984
52,126.929239,37.49973594
52,127.0983262,37.61400227
52,127.0522496,37.55074215
52,127.0792574,37.57968469
52,127.0770739,37.5652553
52,127.0675304,37.64904569
52,126.8376614,37.49294851
52,127.0117006,37.51903408
52,127.128095,37.55190676
52,126.8164535,37.58566613
52,126.8771851,37.50127567
52,126.9022103,37.48427922
52,126.9825529,37.47925026
52,126.9950363,37.47299474
52,127.0737078,37.55983509
52,127.0222801,37.63444973
52,127.0438522,37.62822573
52,127.1017975,37.60049387
52,126.8301412,37.57492854
52,126.8177259,37.57035075
52,126.900322,37.57891129
52,127.0560606,37.67153646
52,127.0559692,37.68685877
52,126.9649835,37.5638992
52,126.9339614,37.47361931
52,127.1463365,37.52492212
52,127.0722508,37.61661466
53,127.0668206,37.57603432
53,126.8602541,37.49667843
53,127.0169049,37.58936078
53,126.8270683,37.53885739
53,127.0356428,37.49028717
53,127.0785766,37.49946173
53,126.8475203,37.52995871
53,126.9060274,37.57353209
53,127.129303,37.53658752
53,126.8316682,37.53077141
53,126.8374145,37.52088897
53,127.0589677,37.56338635
53,126.8608626,37.55797338
53,127.1317174,37.50594889
53,127.032418,37.64440506
53,126.8978669,37.46172322
53,127.0609412,37.61296776
53,127.0413863,37.66066431
53,127.075778,37.59409379
53,127.0840381,37.53463405
53,127.1034178,37.50856135
53,127.0279354,37.63627517
53,127.0599462,37.5895291
53,126.8995368,37.53564274
53,126.9531867,37.47370984
53,126.929239,37.49973594
53,127.0983262,37.61400227
53,127.0522496,37.55074215
53,127.0792574,37.57968469
53,127.0770739,37.5652553
53,127.0675304,37.64904569
53,126.8376614,37.49294851
53,127.0117006,37.51903408
53,127.128095,37.55190676
53,126.8164535,37.58566613
53,126.8771851,37.50127567
53,126.9022103,37.48427922
53,126.9825529,37.47925026
53,126.9950363,37.47299474
53,127.0737078,37.55983509
53,127.0222801,37.63444973
53,127.0438522,37.62822573
53,127.1017975,37.60049387
53,126.8301412,37.57492854
53,126.8177259,37.57035075
53,126.900322,37.57891129
53,127.0560606,37.67153646
53,127.0559692,37.68685877
53,126.9649835,37.5638992
53,126.9339614,37.47361931
53,127.1463365,37.52492212
53,126.9213366,37.6439125
53,127.0722508,37.61661466
54,127.0668206,37.57603432
54,126.8602541,37.49667843
54,127.0169049,37.58936078
54,126.8270683,37.53885739
54,127.0356428,37.49028717
54,127.0785766,37.49946173
54,126.8475203,37.52995871
54,126.9060274,37.57353209
54,127.129303,37.53658752
54,126.8316682,37.53077141
54,126.8374145,37.52088897
54,127.0589677,37.56338635
54,126.8608626,37.55797338
54,127.1317174,37.50594889
54,127.032418,37.64440506
54,126.8978669,37.46172322
54,127.0609412,37.61296776
54,127.0413863,37.66066431
54,127.075778,37.59409379
54,127.0840381,37.53463405
54,127.1034178,37.50856135
54,127.0279354,37.63627517
54,127.0599462,37.5895291
54,126.8995368,37.53564274
54,126.9531867,37.47370984
54,126.929239,37.49973594
54,127.0983262,37.61400227
54,127.0522496,37.55074215
54,127.0792574,37.57968469
54,127.0770739,37.5652553
54,127.0675304,37.64904569
54,126.8376614,37.49294851
54,127.0117006,37.51903408
54,127.128095,37.55190676
54,126.8164535,37.58566613
54,126.8771851,37.50127567
54,126.9022103,37.48427922
54,126.9825529,37.47925026
54,126.9950363,37.47299474
54,127.0737078,37.55983509
54,127.0222801,37.63444973
54,127.0438522,37.62822573
54,127.1017975,37.60049387
54,126.8301412,37.57492854
54,126.8177259,37.57035075
54,126.900322,37.57891129
54,127.0560606,37.67153646
54,127.0559692,37.68685877
54,126.9649835,37.5638992
54,126.9339614,37.47361931
54,127.1463365,37.52492212
54,126.9213366,37.6439125
54,127.0722508,37.61661466
54,127.0710452,37.62922907
55,127.0668206,37.57603432
55,126.8602541,37.49667843
55,127.0169049,37.58936078
55,126.8270683,37.53885739
55,127.0356428,37.49028717
55,127.0785766,37.49946173
55,126.8475203,37.52995871
55,126.9060274,37.57353209
55,127.129303,37.53658752
55,126.8316682,37.53077141
55,126.8374145,37.52088897
55,127.0589677,37.56338635
55,126.8608626,37.55797338
55,127.1317174,37.50594889
55,127.032418,37.64440506
55,126.8978669,37.46172322
55,127.0609412,37.61296776
55,127.0413863,37.66066431
55,127.075778,37.59409379
55,127.0840381,37.53463405
55,127.1034178,37.50856135
55,127.0279354,37.63627517
55,127.0599462,37.5895291
55,126.8995368,37.53564274
55,126.9531867,37.47370984
55,126.929239,37.49973594
55,127.0983262,37.61400227
55,127.0522496,37.55074215
55,127.0792574,37.57968469
55,127.0770739,37.5652553
55,127.0675304,37.64904569
55,126.8376614,37.49294851
55,127.0117006,37.51903408
55,127.128095,37.55190676
55,126.8164535,37.58566613
55,126.8771851,37.50127567
55,126.9022103,37.48427922
55,126.9825529,37.47925026
55,126.9950363,37.47299474
55,127.0737078,37.55983509
55,127.0222801,37.63444973
55,127.0438522,37.62822573
55,127.1017975,37.60049387
55,126.8301412,37.57492854
55,126.8177259,37.57035075
55,126.900322,37.57891129
55,127.0560606,37.67153646
55,127.0559692,37.68685877
55,126.9649835,37.5638992
55,126.9339614,37.47361931
55,127.1463365,37.52492212
55,126.9213366,37.6439125
55,127.0722508,37.61661466
55,127.0710452,37.62922907
55,127.1095247,37.63927743
56,127.0668206,37.57603432
56,126.8602541,37.49667843
56,127.0169049,37.58936078
56,126.8270683,37.53885739
56,127.0356428,37.49028717
56,127.0785766,37.49946173
56,126.8475203,37.52995871
56,126.9060274,37.57353209
56,127.129303,37.53658752
56,126.8316682,37.53077141
56,126.8374145,37.52088897
56,127.0589677,37.56338635
56,126.8608626,37.55797338
56,127.1317174,37.50594889
56,127.032418,37.64440506
56,126.8978669,37.46172322
56,127.0609412,37.61296776
56,127.0413863,37.66066431
56,127.075778,37.59409379
56,127.0840381,37.53463405
56,127.1034178,37.50856135
56,127.0279354,37.63627517
56,127.0599462,37.5895291
56,126.8995368,37.53564274
56,126.9531867,37.47370984
56,126.929239,37.49973594
56,127.0983262,37.61400227
56,127.0522496,37.55074215
56,127.0792574,37.57968469
56,127.0770739,37.5652553
56,127.0675304,37.64904569
56,126.8376614,37.49294851
56,127.0117006,37.51903408
56,127.128095,37.55190676
56,126.8164535,37.58566613
56,126.8771851,37.50127567
56,126.9022103,37.48427922
56,126.9825529,37.47925026
56,126.9950363,37.47299474
56,127.0737078,37.55983509
56,127.0222801,37.63444973
56,127.0438522,37.62822573
56,127.1017975,37.60049387
56,126.8301412,37.57492854
56,126.8177259,37.57035075
56,126.900322,37.57891129
56,127.0560606,37.67153646
56,127.0559692,37.68685877
56,126.9649835,37.5638992
56,126.9339614,37.47361931
56,127.1463365,37.52492212
56,126.9213366,37.6439125
56,127.0722508,37.61661466
56,127.0710452,37.62922907
56,127.1095247,37.63927743
56,127.1058513,37.47612045
57,127.0668206,37.57603432
57,126.8602541,37.49667843
57,127.0169049,37.58936078
57,126.8270683,37.53885739
57,127.0356428,37.49028717
57,127.0785766,37.49946173
57,126.8475203,37.52995871
57,126.9060274,37.57353209
57,127.129303,37.53658752
57,126.8316682,37.53077141
57,126.8374145,37.52088897
57,127.0589677,37.56338635
57,126.8608626,37.55797338
57,127.1317174,37.50594889
57,127.032418,37.64440506
57,126.8978669,37.46172322
57,127.0609412,37.61296776
57,127.0413863,37.66066431
57,127.075778,37.59409379
57,127.0840381,37.53463405
57,127.1034178,37.50856135
57,127.0279354,37.63627517
57,127.0599462,37.5895291
57,126.8995368,37.53564274
57,126.9531867,37.47370984
57,126.929239,37.49973594
57,127.0983262,37.61400227
57,127.0522496,37.55074215
57,127.0792574,37.57968469
57,127.0770739,37.5652553
57,127.0675304,37.64904569
57,126.8376614,37.49294851
57,127.0117006,37.51903408
57,127.128095,37.55190676
57,126.8164535,37.58566613
57,126.8771851,37.50127567
57,126.9022103,37.48427922
57,126.9825529,37.47925026
57,126.9950363,37.47299474
57,127.0737078,37.55983509
57,127.0222801,37.63444973
57,127.0438522,37.62822573
57,127.1017975,37.60049387
57,126.8301412,37.57492854
57,126.8177259,37.57035075
57,126.900322,37.57891129
57,127.0560606,37.67153646
57,127.0559692,37.68685877
57,126.9649835,37.5638992
57,126.9339614,37.47361931
57,127.1463365,37.52492212
57,126.9213366,37.6439125
57,127.0722508,37.61661466
57,127.0710452,37.62922907
57,127.1095247,37.63927743
57,127.1058513,37.47612045
57,127.0445947,37.69222338
58,127.0668206,37.57603432
58,126.8602541,37.49667843
58,127.0169049,37.58936078
58,126.8270683,37.53885739
58,127.0356428,37.49028717
58,127.0785766,37.49946173
58,126.8475203,37.52995871
58,126.9060274,37.57353209
58,127.129303,37.53658752
58,126.8316682,37.53077141
58,126.8374145,37.52088897
58,127.0589677,37.56338635
58,126.8608626,37.55797338
58,127.1317174,37.50594889
58,127.032418,37.64440506
58,126.8978669,37.46172322
58,127.0609412,37.61296776
58,127.0413863,37.66066431
58,127.075778,37.59409379
58,127.0840381,37.53463405
58,127.1034178,37.50856135
58,127.0279354,37.63627517
58,127.0599462,37.5895291
58,126.8995368,37.53564274
58,126.9531867,37.47370984
58,126.929239,37.49973594
58,127.0983262,37.61400227
58,127.0522496,37.55074215
58,127.0792574,37.57968469
58,127.0770739,37.5652553
58,127.0675304,37.64904569
58,126.8376614,37.49294851
58,127.0117006,37.51903408
58,127.128095,37.55190676
58,126.8164535,37.58566613
58,126.8771851,37.50127567
58,126.9022103,37.48427922
58,126.9825529,37.47925026
58,126.9950363,37.47299474
58,127.0737078,37.55983509
58,127.0222801,37.63444973
58,127.0438522,37.62822573
58,127.1017975,37.60049387
58,126.8301412,37.57492854
58,126.8177259,37.57035075
58,126.900322,37.57891129
58,127.0560606,37.67153646
58,127.0559692,37.68685877
58,126.9649835,37.5638992
58,126.9339614,37.47361931
58,127.1463365,37.52492212
58,126.9213366,37.6439125
58,127.0722508,37.61661466
58,127.0710452,37.62922907
58,127.1095247,37.63927743
58,127.1058513,37.47612045
58,127.0445947,37.69222338
58,126.8168487,37.54240409
59,127.0668206,37.57603432
59,126.8602541,37.49667843
59,127.0169049,37.58936078
59,126.8270683,37.53885739
59,127.0356428,37.49028717
59,127.0785766,37.49946173
59,126.8475203,37.52995871
59,126.9060274,37.57353209
59,127.129303,37.53658752
59,126.8316682,37.53077141
59,126.8374145,37.52088897
59,127.0589677,37.56338635
59,126.8608626,37.55797338
59,127.1317174,37.50594889
59,127.032418,37.64440506
59,126.8978669,37.46172322
59,127.0609412,37.61296776
59,127.0413863,37.66066431
59,127.075778,37.59409379
59,127.0840381,37.53463405
59,127.1034178,37.50856135
59,127.0279354,37.63627517
59,127.0599462,37.5895291
59,126.8995368,37.53564274
59,126.9531867,37.47370984
59,126.929239,37.49973594
59,127.0983262,37.61400227
59,127.0522496,37.55074215
59,127.0792574,37.57968469
59,127.0770739,37.5652553
59,127.0675304,37.64904569
59,126.8376614,37.49294851
59,127.0117006,37.51903408
59,127.128095,37.55190676
59,126.8164535,37.58566613
59,126.8771851,37.50127567
59,126.9022103,37.48427922
59,126.9825529,37.47925026
59,126.9950363,37.47299474
59,127.0737078,37.55983509
59,127.0222801,37.63444973
59,127.0438522,37.62822573
59,127.1017975,37.60049387
59,126.8301412,37.57492854
59,126.8177259,37.57035075
59,126.900322,37.57891129
59,127.0560606,37.67153646
59,127.0559692,37.68685877
59,126.9649835,37.5638992
59,126.9339614,37.47361931
59,127.1463365,37.52492212
59,126.9213366,37.6439125
59,127.0722508,37.61661466
59,127.0710452,37.62922907
59,127.1095247,37.63927743
59,127.1058513,37.47612045
59,127.0445947,37.69222338
59,126.8168487,37.54240409
59,126.8018228,37.57566579
60,127.0668206,37.57603432
60,126.8602541,37.49667843
60,127.0169049,37.58936078
60,126.8270683,37.53885739
60,127.0356428,37.49028717
60,127.0785766,37.49946173
60,126.8475203,37.52995871
60,126.9060274,37.57353209
60,127.129303,37.53658752
60,126.8316682,37.53077141
60,126.8374145,37.52088897
60,127.0589677,37.56338635
60,126.8608626,37.55797338
60,127.1317174,37.50594889
60,127.032418,37.64440506
60,126.8978669,37.46172322
60,127.0609412,37.61296776
60,127.0413863,37.66066431
60,127.075778,37.59409379
60,127.0840381,37.53463405
60,127.1034178,37.50856135
60,127.0279354,37.63627517
60,127.0599462,37.5895291
60,126.8995368,37.53564274
60,126.9531867,37.47370984
60,126.929239,37.49973594
60,127.0983262,37.61400227
60,127.0522496,37.55074215
60,127.0792574,37.57968469
60,127.0770739,37.5652553
60,127.0675304,37.64904569
60,126.8376614,37.49294851
60,127.0117006,37.51903408
60,127.128095,37.55190676
60,126.8164535,37.58566613
60,126.8771851,37.50127567
60,126.9022103,37.48427922
60,126.9825529,37.47925026
60,126.9950363,37.47299474
60,127.0737078,37.55983509
60,127.0222801,37.63444973
60,127.0438522,37.62822573
60,127.1017975,37.60049387
60,126.8301412,37.57492854
60,126.8177259,37.57035075
60,126.900322,37.57891129
60,127.0560606,37.67153646
60,127.0559692,37.68685877
60,126.9649835,37.5638992
60,126.9339614,37.47361931
60,127.1463365,37.52492212
60,126.9213366,37.6439125
60,127.0722508,37.61661466
60,127.0710452,37.62922907
60,127.1095247,37.63927743
60,127.1058513,37.47612045
60,127.0445947,37.69222338
60,126.8168487,37.54240409
60,126.7994482,37.5873691
60,126.8018228,37.57566579
61,127.0668206,37.57603432
61,126.8602541,37.49667843
61,127.0169049,37.58936078
61,126.8270683,37.53885739
61,127.0356428,37.49028717
61,127.0785766,37.49946173
61,126.8475203,37.52995871
61,126.9060274,37.57353209
61,127.129303,37.53658752
61,126.8316682,37.53077141
61,126.8374145,37.52088897
61,127.0589677,37.56338635
61,126.8608626,37.55797338
61,127.1317174,37.50594889
61,127.032418,37.64440506
61,126.8978669,37.46172322
61,127.0609412,37.61296776
61,127.0413863,37.66066431
61,127.075778,37.59409379
61,127.0840381,37.53463405
61,127.1034178,37.50856135
61,127.0279354,37.63627517
61,127.0599462,37.5895291
61,126.8995368,37.53564274
61,126.9531867,37.47370984
61,126.929239,37.49973594
61,127.0983262,37.61400227
61,127.0522496,37.55074215
61,127.0792574,37.57968469
61,127.0770739,37.5652553
61,127.0675304,37.64904569
61,126.8376614,37.49294851
61,127.0117006,37.51903408
61,127.128095,37.55190676
61,126.8164535,37.58566613
61,126.8771851,37.50127567
61,126.9022103,37.48427922
61,126.9825529,37.47925026
61,126.9950363,37.47299474
61,127.0737078,37.55983509
61,127.0222801,37.63444973
61,127.0438522,37.62822573
61,127.1017975,37.60049387
61,126.8301412,37.57492854
61,126.8177259,37.57035075
61,126.900322,37.57891129
61,127.0560606,37.67153646
61,127.0559692,37.68685877
61,126.9649835,37.5638992
61,126.9339614,37.47361931
61,127.1463365,37.52492212
61,126.9213366,37.6439125
61,127.0722508,37.61661466
61,127.0710452,37.62922907
61,127.1095247,37.63927743
61,127.1058513,37.47612045
61,127.0445947,37.69222338
61,126.8168487,37.54240409
61,126.7994482,37.5873691
61,126.8018228,37.57566579
61,126.8645345,37.52554475
62,127.0668206,37.57603432
62,126.8602541,37.49667843
62,127.0169049,37.58936078
62,126.8270683,37.53885739
62,127.0356428,37.49028717
62,127.0785766,37.49946173
62,126.8475203,37.52995871
62,126.9060274,37.57353209
62,127.129303,37.53658752
62,126.8316682,37.53077141
62,126.8374145,37.52088897
62,127.0589677,37.56338635
62,126.8608626,37.55797338
62,127.1317174,37.50594889
62,127.032418,37.64440506
62,126.8978669,37.46172322
62,127.0609412,37.61296776
62,127.0413863,37.66066431
62,127.075778,37.59409379
62,127.0840381,37.53463405
62,127.1034178,37.50856135
62,127.0279354,37.63627517
62,127.0599462,37.5895291
62,126.8995368,37.53564274
62,126.9531867,37.47370984
62,126.929239,37.49973594
62,127.0983262,37.61400227
62,127.0522496,37.55074215
62,127.0792574,37.57968469
62,127.0770739,37.5652553
62,127.0675304,37.64904569
62,126.8376614,37.49294851
62,127.0117006,37.51903408
62,127.128095,37.55190676
62,126.8164535,37.58566613
62,126.8771851,37.50127567
62,126.9022103,37.48427922
62,126.9825529,37.47925026
62,126.9950363,37.47299474
62,127.0737078,37.55983509
62,127.0222801,37.63444973
62,127.0438522,37.62822573
62,127.1017975,37.60049387
62,126.8301412,37.57492854
62,126.8177259,37.57035075
62,126.900322,37.57891129
62,127.0560606,37.67153646
62,127.0559692,37.68685877
62,126.9649835,37.5638992
62,126.9339614,37.47361931
62,127.1463365,37.52492212
62,126.9213366,37.6439125
62,127.0722508,37.61661466
62,127.0710452,37.62922907
62,127.1095247,37.63927743
62,127.1058513,37.47612045
62,127.0445947,37.69222338
62,126.8168487,37.54240409
62,126.7994482,37.5873691
62,126.8018228,37.57566579
62,126.8714757,37.50755489
62,126.8645345,37.52554475
63,127.0668206,37.57603432
63,126.8602541,37.49667843
63,127.0169049,37.58936078
63,126.8270683,37.53885739
63,127.0356428,37.49028717
63,127.0785766,37.49946173
63,126.8475203,37.52995871
63,126.9060274,37.57353209
63,127.129303,37.53658752
63,126.8316682,37.53077141
63,126.8374145,37.52088897
63,127.0589677,37.56338635
63,126.8608626,37.55797338
63,127.1317174,37.50594889
63,127.032418,37.64440506
63,126.8978669,37.46172322
63,127.0609412,37.61296776
63,127.0413863,37.66066431
63,127.075778,37.59409379
63,127.0840381,37.53463405
63,127.1034178,37.50856135
63,127.0279354,37.63627517
63,127.0599462,37.5895291
63,126.8995368,37.53564274
63,126.9531867,37.47370984
63,126.929239,37.49973594
63,127.0983262,37.61400227
63,127.0522496,37.55074215
63,127.0792574,37.57968469
63,127.0770739,37.5652553
63,127.0675304,37.64904569
63,126.8376614,37.49294851
63,127.0117006,37.51903408
63,127.128095,37.55190676
63,126.8164535,37.58566613
63,126.8771851,37.50127567
63,126.9022103,37.48427922
63,126.9825529,37.47925026
63,126.9950363,37.47299474
63,127.0737078,37.55983509
63,127.0222801,37.63444973
63,127.0438522,37.62822573
63,127.1017975,37.60049387
63,126.8301412,37.57492854
63,126.8177259,37.57035075
63,126.900322,37.57891129
63,127.0560606,37.67153646
63,127.0559692,37.68685877
63,126.9649835,37.5638992
63,126.9339614,37.47361931
63,127.1463365,37.52492212
63,126.9213366,37.6439125
63,127.0722508,37.61661466
63,127.0710452,37.62922907
63,127.1095247,37.63927743
63,127.1058513,37.47612045
63,127.0445947,37.69222338
63,126.8168487,37.54240409
63,126.7994482,37.5873691
63,126.8018228,37.57566579
63,126.8714757,37.50755489
63,126.8645345,37.52554475
63,126.8386654,37.50737575
64,127.0668206,37.57603432
64,126.8602541,37.49667843
64,127.0169049,37.58936078
64,126.8270683,37.53885739
64,127.0356428,37.49028717
64,127.0785766,37.49946173
64,126.8475203,37.52995871
64,126.9060274,37.57353209
64,127.129303,37.53658752
64,126.8316682,37.53077141
64,126.8374145,37.52088897
64,127.0589677,37.56338635
64,126.8608626,37.55797338
64,127.1317174,37.50594889
64,127.032418,37.64440506
64,126.8978669,37.46172322
64,127.0609412,37.61296776
64,127.0413863,37.66066431
64,127.075778,37.59409379
64,127.0840381,37.53463405
64,127.1034178,37.50856135
64,127.0279354,37.63627517
64,127.0599462,37.5895291
64,126.8995368,37.53564274
64,126.9531867,37.47370984
64,126.929239,37.49973594
64,127.0983262,37.61400227
64,127.0522496,37.55074215
64,127.0792574,37.57968469
64,127.0770739,37.5652553
64,127.0675304,37.64904569
64,126.8376614,37.49294851
64,127.0117006,37.51903408
64,127.128095,37.55190676
64,126.8164535,37.58566613
64,126.8771851,37.50127567
64,126.9022103,37.48427922
64,126.9825529,37.47925026
64,126.9950363,37.47299474
64,127.0737078,37.55983509
64,127.0222801,37.63444973
64,127.0438522,37.62822573
64,127.1017975,37.60049387
64,126.8301412,37.57492854
64,126.8177259,37.57035075
64,126.900322,37.57891129
64,127.0560606,37.67153646
64,127.0559692,37.68685877
64,126.9649835,37.5638992
64,126.9339614,37.47361931
64,127.1463365,37.52492212
64,126.9213366,37.6439125
64,127.0722508,37.61661466
64,127.0710452,37.62922907
64,127.1095247,37.63927743
64,127.1058513,37.47612045
64,127.0445947,37.69222338
64,126.8168487,37.54240409
64,126.7994482,37.5873691
64,126.8018228,37.57566579
64,126.8714757,37.50755489
64,126.8645345,37.52554475
64,126.8386654,37.50737575
64,126.7680448,37.55563175
65,127.0668206,37.57603432
65,126.8602541,37.49667843
65,127.0169049,37.58936078
65,126.8270683,37.53885739
65,127.0356428,37.49028717
65,127.0785766,37.49946173
65,126.8475203,37.52995871
65,126.9060274,37.57353209
65,127.129303,37.53658752
65,126.8316682,37.53077141
65,126.8374145,37.52088897
65,127.0589677,37.56338635
65,126.8608626,37.55797338
65,127.1317174,37.50594889
65,127.032418,37.64440506
65,126.8978669,37.46172322
65,127.0609412,37.61296776
65,127.0413863,37.66066431
65,127.075778,37.59409379
65,127.0840381,37.53463405
65,127.1034178,37.50856135
65,127.0279354,37.63627517
65,127.0599462,37.5895291
65,126.8995368,37.53564274
65,126.9531867,37.47370984
65,126.929239,37.49973594
65,127.0983262,37.61400227
65,127.0522496,37.55074215
65,127.0792574,37.57968469
65,127.0770739,37.5652553
65,127.0675304,37.64904569
65,126.8376614,37.49294851
65,126.8771776,37.50217699
65,127.0117006,37.51903408
65,127.128095,37.55190676
65,126.8164535,37.58566613
65,126.8771851,37.50127567
65,126.9022103,37.48427922
65,126.9825529,37.47925026
65,126.9950363,37.47299474
65,127.0737078,37.55983509
65,127.0222801,37.63444973
65,127.0438522,37.62822573
65,127.1017975,37.60049387
65,126.8301412,37.57492854
65,126.8177259,37.57035075
65,126.900322,37.57891129
65,127.0560606,37.67153646
65,127.0559692,37.68685877
65,126.9649835,37.5638992
65,126.9339614,37.47361931
65,127.1463365,37.52492212
65,126.9213366,37.6439125
65,127.0722508,37.61661466
65,127.0710452,37.62922907
65,127.1095247,37.63927743
65,127.1058513,37.47612045
65,127.0445947,37.69222338
65,126.8168487,37.54240409
65,126.7994482,37.5873691
65,126.8018228,37.57566579
65,126.8714757,37.50755489
65,126.8645345,37.52554475
65,126.8386654,37.50737575
65,126.7680448,37.55563175
66,127.0668206,37.57603432
66,126.8602541,37.49667843
66,127.0169049,37.58936078
66,126.8270683,37.53885739
66,127.0356428,37.49028717
66,127.0785766,37.49946173
66,126.8475203,37.52995871
66,126.9060274,37.57353209
66,127.129303,37.53658752
66,126.8316682,37.53077141
66,126.8374145,37.52088897
66,127.0589677,37.56338635
66,126.8608626,37.55797338
66,127.1317174,37.50594889
66,127.032418,37.64440506
66,126.8978669,37.46172322
66,127.0609412,37.61296776
66,127.0413863,37.66066431
66,127.075778,37.59409379
66,127.0840381,37.53463405
66,127.1034178,37.50856135
66,127.0279354,37.63627517
66,127.0599462,37.5895291
66,126.8995368,37.53564274
66,126.9531867,37.47370984
66,126.929239,37.49973594
66,127.0983262,37.61400227
66,127.0522496,37.55074215
66,127.0792574,37.57968469
66,127.0770739,37.5652553
66,127.0675304,37.64904569
66,126.8376614,37.49294851
66,127.0117006,37.51903408
66,127.128095,37.55190676
66,126.8164535,37.58566613
66,126.8771851,37.50127567
66,126.9022103,37.48427922
66,126.9022103,37.48427922
66,126.9825529,37.47925026
66,126.9950363,37.47299474
66,127.0737078,37.55983509
66,127.0222801,37.63444973
66,127.0438522,37.62822573
66,127.1017975,37.60049387
66,126.8301412,37.57492854
66,126.8177259,37.57035075
66,126.900322,37.57891129
66,127.0560606,37.67153646
66,127.0559692,37.68685877
66,126.9649835,37.5638992
66,126.9339614,37.47361931
66,127.1463365,37.52492212
66,126.9213366,37.6439125
66,127.0722508,37.61661466
66,127.0722508,37.61661466
66,127.0710452,37.62922907
66,127.1095247,37.63927743
66,127.1058513,37.47612045
66,127.0445947,37.69222338
66,126.8168487,37.54240409
66,126.7994482,37.5873691
66,126.8018228,37.57566579
66,126.8714757,37.50755489
66,126.8645345,37.52554475
66,126.8386654,37.50737575
66,126.7680448,37.55563175
67,127.0668206,37.57603432
67,126.8602541,37.49667843
67,127.0169049,37.58936078
67,126.8270683,37.53885739
67,127.0356428,37.49028717
67,127.0785766,37.49946173
67,126.8475203,37.52995871
67,126.9060274,37.57353209
67,127.129303,37.53658752
67,126.8316682,37.53077141
67,126.8374145,37.52088897
67,127.0589677,37.56338635
67,126.8608626,37.55797338
67,127.1317174,37.50594889
67,127.032418,37.64440506
67,126.8978669,37.46172322
67,127.0609412,37.61296776
67,127.0413863,37.66066431
67,127.075778,37.59409379
67,127.0840381,37.53463405
67,127.1034178,37.50856135
67,127.0279354,37.63627517
67,127.0599462,37.5895291
67,126.8995368,37.53564274
67,126.9531867,37.47370984
67,126.929239,37.49973594
67,127.0983262,37.61400227
67,127.0522496,37.55074215
67,127.0792574,37.57968469
67,127.0770739,37.5652553
67,127.0675304,37.64904569
67,126.8376614,37.49294851
67,126.8771776,37.50217699
67,127.0117006,37.51903408
67,127.128095,37.55190676
67,126.8164618,37.58476484
67,126.8164535,37.58566613
67,126.8771851,37.50127567
67,126.9022103,37.48427922
67,126.9022103,37.48427922
67,126.9825529,37.47925026
67,126.9950363,37.47299474
67,127.0737078,37.55983509
67,127.0222801,37.63444973
67,127.0438522,37.62822573
67,127.1017975,37.60049387
67,126.8301412,37.57492854
67,126.8177259,37.57035075
67,126.900322,37.57891129
67,127.0560606,37.67153646
67,127.0559692,37.68685877
67,126.9649835,37.5638992
67,126.9339614,37.47361931
67,127.1463365,37.52492212
67,126.9213366,37.6439125
67,127.0722508,37.61661466
67,127.0710452,37.62922907
67,127.1095247,37.63927743
67,127.1058513,37.47612045
67,127.0445947,37.69222338
67,126.8168487,37.54240409
67,126.7994482,37.5873691
67,126.8018228,37.57566579
67,126.8714757,37.50755489
67,126.8645345,37.52554475
67,126.8386654,37.50737575
67,126.7680448,37.55563175
68,127.0668206,37.57603432
68,126.8602541,37.49667843
68,127.0169049,37.58936078
68,126.8270683,37.53885739
68,127.0356428,37.49028717
68,127.0785766,37.49946173
68,126.8475203,37.52995871
68,126.9060274,37.57353209
68,127.129303,37.53658752
68,126.8316682,37.53077141
68,126.8374145,37.52088897
68,127.0589677,37.56338635
68,126.8608626,37.55797338
68,127.1317174,37.50594889
68,127.032418,37.64440506
68,126.8978669,37.46172322
68,127.0609412,37.61296776
68,127.0413863,37.66066431
68,127.075778,37.59409379
68,127.0840381,37.53463405
68,127.1034178,37.50856135
68,127.0279354,37.63627517
68,127.0599462,37.5895291
68,126.8995368,37.53564274
68,126.9531867,37.47370984
68,126.929239,37.49973594
68,127.0983262,37.61400227
68,127.0522496,37.55074215
68,127.0792574,37.57968469
68,127.0770739,37.5652553
68,127.0675304,37.64904569
68,126.8376614,37.49294851
68,127.0117006,37.51903408
68,127.128095,37.55190676
68,126.8164535,37.58566613
68,126.8771851,37.50127567
68,126.9022103,37.48427922
68,126.9022103,37.48427922
68,126.9825529,37.47925026
68,126.9950363,37.47299474
68,127.0737078,37.55983509
68,127.0737078,37.55983509
68,127.0222801,37.63444973
68,127.0438522,37.62822573
68,127.1017975,37.60049387
68,126.8301412,37.57492854
68,126.8177259,37.57035075
68,126.900322,37.57891129
68,127.0560606,37.67153646
68,127.0559692,37.68685877
68,126.9649835,37.5638992
68,126.9339614,37.47361931
68,127.1463365,37.52492212
68,126.9213366,37.6439125
68,127.0722508,37.61661466
68,127.0722508,37.61661466
68,127.0710452,37.62922907
68,127.1095247,37.63927743
68,127.1058513,37.47612045
68,127.0445947,37.69222338
68,126.8168487,37.54240409
68,126.7994482,37.5873691
68,126.8018228,37.57566579
68,126.8714757,37.50755489
68,126.8645345,37.52554475
68,126.8386654,37.50737575
68,126.7680448,37.55563175
68,126.7691857,37.55473748
69,127.0668206,37.57603432
69,126.8602541,37.49667843
69,127.1034226,37.50766
69,127.0169049,37.58936078
69,126.8270683,37.53885739
69,127.0356428,37.49028717
69,127.0785766,37.49946173
69,126.8475203,37.52995871
69,126.9060274,37.57353209
69,127.129303,37.53658752
69,126.8316682,37.53077141
69,126.8374145,37.52088897
69,127.0589677,37.56338635
69,126.8608626,37.55797338
69,127.1317174,37.50594889
69,127.032418,37.64440506
69,126.8978669,37.46172322
69,127.0609412,37.61296776
69,127.0413863,37.66066431
69,127.075778,37.59409379
69,127.0840381,37.53463405
69,127.1034178,37.50856135
69,127.0279354,37.63627517
69,127.0599462,37.5895291
69,126.8995368,37.53564274
69,126.9531867,37.47370984
69,126.929239,37.49973594
69,127.0983262,37.61400227
69,127.0522496,37.55074215
69,127.0792574,37.57968469
69,127.0770739,37.5652553
69,127.0675304,37.64904569
69,126.8376614,37.49294851
69,126.8771776,37.50217699
69,127.0117006,37.51903408
69,127.128095,37.55190676
69,126.8164618,37.58476484
69,126.8164535,37.58566613
69,126.8771851,37.50127567
69,126.9022103,37.48427922
69,126.9825529,37.47925026
69,126.9950363,37.47299474
69,127.0737078,37.55983509
69,127.0737078,37.55983509
69,127.0222801,37.63444973
69,127.0438522,37.62822573
69,127.1017975,37.60049387
69,126.8301412,37.57492854
69,126.8177259,37.57035075
69,126.900322,37.57891129
69,127.0560606,37.67153646
69,127.0559692,37.68685877
69,126.9649835,37.5638992
69,126.9339614,37.47361931
69,127.1463365,37.52492212
69,126.9213366,37.6439125
69,127.0722508,37.61661466
69,127.0722508,37.61661466
69,127.0710452,37.62922907
69,127.1095247,37.63927743
69,127.1058513,37.47612045
69,127.0445947,37.69222338
69,126.8168487,37.54240409
69,126.7994482,37.5873691
69,126.8018228,37.57566579
69,126.8714757,37.50755489
69,126.8645345,37.52554475
69,126.8386654,37.50737575
69,126.7680448,37.55563175
70,127.0668206,37.57603432
70,126.8602541,37.49667843
70,127.1034226,37.50766
70,127.0169049,37.58936078
70,126.8270683,37.53885739
70,127.0356428,37.49028717
70,127.0785766,37.49946173
70,126.8475203,37.52995871
70,126.9060274,37.57353209
70,127.129303,37.53658752
70,126.8316682,37.53077141
70,126.8374145,37.52088897
70,127.0589677,37.56338635
70,126.8608626,37.55797338
70,127.1317174,37.50594889
70,127.032418,37.64440506
70,126.8978669,37.46172322
70,127.0609412,37.61296776
70,127.0413863,37.66066431
70,127.075778,37.59409379
70,127.0840381,37.53463405
70,127.1034178,37.50856135
70,127.0279354,37.63627517
70,127.0599462,37.5895291
70,126.8995368,37.53564274
70,126.9531867,37.47370984
70,126.929239,37.49973594
70,127.0983262,37.61400227
70,127.0522496,37.55074215
70,127.0792574,37.57968469
70,127.0770739,37.5652553
70,127.0675304,37.64904569
70,126.8376614,37.49294851
70,126.8771776,37.50217699
70,127.0117006,37.51903408
70,127.128095,37.55190676
70,126.8164618,37.58476484
70,126.8164535,37.58566613
70,126.8771851,37.50127567
70,126.9022103,37.48427922
70,126.9022103,37.48427922
70,126.9825529,37.47925026
70,126.9950363,37.47299474
70,127.0737078,37.55983509
70,127.0737078,37.55983509
70,127.0222801,37.63444973
70,127.0438522,37.62822573
70,127.1017975,37.60049387
70,126.8301412,37.57492854
70,126.8177259,37.57035075
70,126.900322,37.57891129
70,127.0560606,37.67153646
70,127.0559692,37.68685877
70,126.9649835,37.5638992
70,126.9339614,37.47361931
70,127.1463365,37.52492212
70,126.9213366,37.6439125
70,127.0722508,37.61661466
70,127.0722508,37.61661466
70,127.0710452,37.62922907
70,127.1095247,37.63927743
70,127.1058513,37.47612045
70,127.0445947,37.69222338
70,126.8168487,37.54240409
70,126.7994482,37.5873691
70,126.8018228,37.57566579
70,126.8714757,37.50755489
70,126.8645345,37.52554475
70,126.8386654,37.50737575
70,126.7680448,37.55563175
71,127.0668206,37.57603432
71,126.8602541,37.49667843
71,127.1034226,37.50766
71,127.0169049,37.58936078
71,126.8270683,37.53885739
71,127.0356428,37.49028717
71,127.0785766,37.49946173
71,126.8475203,37.52995871
71,126.9060274,37.57353209
71,127.129303,37.53658752
71,126.8316682,37.53077141
71,126.8374145,37.52088897
71,127.058973,37.56248502
71,127.058973,37.56248502
71,127.0589677,37.56338635
71,126.8608626,37.55797338
71,127.1317174,37.50594889
71,127.032418,37.64440506
71,126.8978669,37.46172322
71,127.0609412,37.61296776
71,127.0413863,37.66066431
71,127.075778,37.59409379
71,127.0840381,37.53463405
71,127.1034178,37.50856135
71,127.0279354,37.63627517
71,127.0599462,37.5895291
71,126.8995368,37.53564274
71,126.9531867,37.47370984
71,126.929239,37.49973594
71,127.0983262,37.61400227
71,127.0522496,37.55074215
71,127.0792574,37.57968469
71,127.0770739,37.5652553
71,127.0675304,37.64904569
71,126.8376614,37.49294851
71,126.8771776,37.50217699
71,127.0117006,37.51903408
71,127.128095,37.55190676
71,126.8164535,37.58566613
71,126.8771851,37.50127567
71,126.9022103,37.48427922
71,126.9022103,37.48427922
71,126.9825529,37.47925026
71,126.9950363,37.47299474
71,127.0737078,37.55983509
71,127.0737078,37.55983509
71,127.0222801,37.63444973
71,127.0438522,37.62822573
71,127.1017975,37.60049387
71,126.8301412,37.57492854
71,126.8177259,37.57035075
71,126.900322,37.57891129
71,127.0560606,37.67153646
71,127.0559692,37.68685877
71,126.9649835,37.5638992
71,126.9339614,37.47361931
71,127.1463365,37.52492212
71,126.9213366,37.6439125
71,127.0722508,37.61661466
71,127.0722508,37.61661466
71,127.0710452,37.62922907
71,127.1095247,37.63927743
71,127.1058513,37.47612045
71,127.0445947,37.69222338
71,126.8168487,37.54240409
71,126.7994482,37.5873691
71,126.8018228,37.57566579
71,126.8714757,37.50755489
71,126.8645345,37.52554475
71,126.8386654,37.50737575
71,126.7680448,37.55563175
72,127.0668206,37.57603432
72,126.8602541,37.49667843
72,127.1034226,37.50766
72,127.0169049,37.58936078
72,126.8270683,37.53885739
72,127.0356428,37.49028717
72,127.0785766,37.49946173
72,126.8475203,37.52995871
72,126.9060274,37.57353209
72,126.9060274,37.57353209
72,127.129303,37.53658752
72,126.8316682,37.53077141
72,126.8374145,37.52088897
72,127.0589677,37.56338635
72,126.8586369,37.55345459
72,126.8608626,37.55797338
72,127.1317174,37.50594889
72,127.032418,37.64440506
72,126.8978669,37.46172322
72,127.0609412,37.61296776
72,127.0413863,37.66066431
72,127.075778,37.59409379
72,127.0840381,37.53463405
72,127.1034178,37.50856135
72,127.0279354,37.63627517
72,127.0599462,37.5895291
72,126.8995368,37.53564274
72,126.9531867,37.47370984
72,126.929239,37.49973594
72,127.0983262,37.61400227
72,127.0522496,37.55074215
72,127.0792574,37.57968469
72,127.0770739,37.5652553
72,127.0675304,37.64904569
72,126.8376614,37.49294851
72,126.8771776,37.50217699
72,127.0117006,37.51903408
72,127.128095,37.55190676
72,126.8164618,37.58476484
72,126.8164535,37.58566613
72,126.8771851,37.50127567
72,126.9022103,37.48427922
72,126.9022103,37.48427922
72,126.9825529,37.47925026
72,126.9950363,37.47299474
72,127.0737078,37.55983509
72,127.0222801,37.63444973
72,127.0438522,37.62822573
72,127.1017975,37.60049387
72,126.8301412,37.57492854
72,126.8177259,37.57035075
72,126.900322,37.57891129
72,127.0560606,37.67153646
72,127.0559692,37.68685877
72,126.9649835,37.5638992
72,126.9339614,37.47361931
72,127.1463365,37.52492212
72,126.9213366,37.6439125
72,127.0722508,37.61661466
72,127.0722508,37.61661466
72,127.0710452,37.62922907
72,127.1095247,37.63927743
72,127.1058513,37.47612045
72,127.0445947,37.69222338
72,126.8168487,37.54240409
72,126.7994482,37.5873691
72,126.8018228,37.57566579
72,126.8714757,37.50755489
72,126.8645345,37.52554475
72,126.8386654,37.50737575
72,126.7680448,37.55563175
72,126.7691857,37.55473748
73,127.0668206,37.57603432
73,126.8602541,37.49667843
73,127.1034226,37.50766
73,127.0169049,37.58936078
73,126.8270683,37.53885739
73,127.0356428,37.49028717
73,127.0785766,37.49946173
73,126.8475203,37.52995871
73,126.9060274,37.57353209
73,126.9060274,37.57353209
73,127.129303,37.53658752
73,126.8316682,37.53077141
73,126.8374145,37.52088897
73,127.0589677,37.56338635
73,126.8608549,37.55887468
73,126.8586369,37.55345459
73,126.8608626,37.55797338
73,127.1317174,37.50594889
73,127.032418,37.64440506
73,126.8978669,37.46172322
73,127.0609412,37.61296776
73,127.0413863,37.66066431
73,127.075778,37.59409379
73,127.0840381,37.53463405
73,127.1034178,37.50856135
73,127.0279354,37.63627517
73,127.0599462,37.5895291
73,126.8995368,37.53564274
73,126.9531867,37.47370984
73,126.929239,37.49973594
73,127.0983262,37.61400227
73,127.0522496,37.55074215
73,127.0792574,37.57968469
73,127.0770739,37.5652553
73,127.0675304,37.64904569
73,126.8376614,37.49294851
73,126.8771776,37.50217699
73,127.0117006,37.51903408
73,127.128095,37.55190676
73,126.8164618,37.58476484
73,126.8164535,37.58566613
73,126.8771851,37.50127567
73,126.9022103,37.48427922
73,126.9022103,37.48427922
73,126.9825529,37.47925026
73,126.9950363,37.47299474
73,127.0737078,37.55983509
73,127.0737078,37.55983509
73,127.0222801,37.63444973
73,127.0438522,37.62822573
73,127.1017975,37.60049387
73,126.8301412,37.57492854
73,126.8177259,37.57035075
73,126.900322,37.57891129
73,127.0560606,37.67153646
73,127.0559692,37.68685877
73,126.9649835,37.5638992
73,126.9339614,37.47361931
73,127.1463365,37.52492212
73,126.9213366,37.6439125
73,127.0722508,37.61661466
73,127.0722508,37.61661466
73,127.0710452,37.62922907
73,127.1095247,37.63927743
73,127.1058513,37.47612045
73,127.0445947,37.69222338
73,126.8168487,37.54240409
73,126.7994482,37.5873691
73,126.8018228,37.57566579
73,126.8714757,37.50755489
73,126.8645345,37.52554475
73,126.8386654,37.50737575
73,126.7680448,37.55563175
74,127.0668206,37.57603432
74,126.8602541,37.49667843
74,127.1034226,37.50766
74,127.0169049,37.58936078
74,126.8270683,37.53885739
74,127.0356428,37.49028717
74,127.0785766,37.49946173
74,126.8475203,37.52995871
74,126.9060274,37.57353209
74,126.9060274,37.57353209
74,127.129303,37.53658752
74,126.8316682,37.53077141
74,126.8374145,37.52088897
74,127.0589677,37.56338635
74,126.8608549,37.55887468
74,126.8586369,37.55345459
74,126.8608626,37.55797338
74,127.1317174,37.50594889
74,127.032418,37.64440506
74,126.8978669,37.46172322
74,127.0609412,37.61296776
74,127.0413863,37.66066431
74,127.075778,37.59409379
74,127.0840381,37.53463405
74,127.1034178,37.50856135
74,127.0279354,37.63627517
74,127.0599462,37.5895291
74,126.8995368,37.53564274
74,126.9531867,37.47370984
74,126.929239,37.49973594
74,127.0983262,37.61400227
74,127.0522496,37.55074215
74,127.0792574,37.57968469
74,127.0770739,37.5652553
74,127.0675304,37.64904569
74,126.8376614,37.49294851
74,126.8771776,37.50217699
74,127.0117006,37.51903408
74,127.128095,37.55190676
74,126.8164618,37.58476484
74,126.8164535,37.58566613
74,126.8771851,37.50127567
74,126.9022103,37.48427922
74,126.9022103,37.48427922
74,126.9825529,37.47925026
74,126.9950363,37.47299474
74,127.0737078,37.55983509
74,127.0737078,37.55983509
74,127.0222801,37.63444973
74,127.0438522,37.62822573
74,127.1017975,37.60049387
74,126.8301412,37.57492854
74,126.8177259,37.57035075
74,126.900322,37.57891129
74,127.0560606,37.67153646
74,127.0559692,37.68685877
74,126.9649835,37.5638992
74,126.9339614,37.47361931
74,127.1463365,37.52492212
74,126.9213366,37.6439125
74,127.0722508,37.61661466
74,127.0722508,37.61661466
74,127.0710452,37.62922907
74,127.1095247,37.63927743
74,127.1058513,37.47612045
74,127.0445947,37.69222338
74,126.8168487,37.54240409
74,126.7994482,37.5873691
74,126.8018228,37.57566579
74,126.8714757,37.50755489
74,126.8645345,37.52554475
74,126.8386654,37.50737575
74,126.7680448,37.55563175
74,126.7691857,37.55473748
75,127.0668206,37.57603432
75,126.8602541,37.49667843
75,127.1034226,37.50766
75,127.0169049,37.58936078
75,126.8270683,37.53885739
75,127.0356428,37.49028717
75,127.0785766,37.49946173
75,127.0751929,37.49764689
75,126.8475203,37.52995871
75,126.9060274,37.57353209
75,126.9060274,37.57353209
75,127.129303,37.53658752
75,126.8316682,37.53077141
75,126.8374145,37.52088897
75,127.0589677,37.56338635
75,126.8608549,37.55887468
75,126.8586369,37.55345459
75,126.8608626,37.55797338
75,127.1317174,37.50594889
75,127.032418,37.64440506
75,126.8978669,37.46172322
75,127.0609412,37.61296776
75,127.0413863,37.66066431
75,127.075778,37.59409379
75,127.0840381,37.53463405
75,127.1034178,37.50856135
75,127.0279354,37.63627517
75,127.0599462,37.5895291
75,126.8995368,37.53564274
75,126.9531867,37.47370984
75,126.929239,37.49973594
75,127.0983262,37.61400227
75,127.0522496,37.55074215
75,127.0792574,37.57968469
75,127.0770739,37.5652553
75,127.0675304,37.64904569
75,126.8376614,37.49294851
75,126.8771776,37.50217699
75,127.0117006,37.51903408
75,127.128095,37.55190676
75,126.8164618,37.58476484
75,126.8164535,37.58566613
75,126.8771851,37.50127567
75,126.9022103,37.48427922
75,126.9022103,37.48427922
75,126.9825529,37.47925026
75,126.9950363,37.47299474
75,127.0737078,37.55983509
75,127.0737078,37.55983509
75,127.0222801,37.63444973
75,127.0438522,37.62822573
75,127.1017975,37.60049387
75,126.8301412,37.57492854
75,126.8177259,37.57035075
75,126.900322,37.57891129
75,127.0560606,37.67153646
75,127.0559692,37.68685877
75,126.9649835,37.5638992
75,126.9339614,37.47361931
75,127.1463365,37.52492212
75,126.9213366,37.6439125
75,127.0722508,37.61661466
75,127.0722508,37.61661466
75,127.0710452,37.62922907
75,127.1095247,37.63927743
75,127.1058513,37.47612045
75,127.0445947,37.69222338
75,126.8168487,37.54240409
75,126.7994482,37.5873691
75,126.8018228,37.57566579
75,126.8714757,37.50755489
75,126.8645345,37.52554475
75,126.8386654,37.50737575
75,126.7680448,37.55563175
75,126.7691857,37.55473748
76,127.0668206,37.57603432
76,126.8602541,37.49667843
76,127.1034226,37.50766
76,127.0169049,37.58936078
76,126.8270683,37.53885739
76,127.0356428,37.49028717
76,127.0785766,37.49946173
76,127.0751929,37.49764689
76,126.8475203,37.52995871
76,126.9060274,37.57353209
76,126.9060274,37.57353209
76,127.129303,37.53658752
76,126.8316682,37.53077141
76,126.8374145,37.52088897
76,127.058973,37.56248502
76,127.058973,37.56248502
76,127.0589677,37.56338635
76,126.8608549,37.55887468
76,126.8586369,37.55345459
76,126.8608626,37.55797338
76,127.1317174,37.50594889
76,127.032418,37.64440506
76,126.8978669,37.46172322
76,127.0609412,37.61296776
76,127.0413863,37.66066431
76,127.075778,37.59409379
76,127.0840381,37.53463405
76,127.1034178,37.50856135
76,127.0279354,37.63627517
76,127.0599462,37.5895291
76,126.8995368,37.53564274
76,126.9531867,37.47370984
76,126.929239,37.49973594
76,127.0983262,37.61400227
76,127.0522496,37.55074215
76,127.0792574,37.57968469
76,127.0770739,37.5652553
76,127.0675304,37.64904569
76,126.8376614,37.49294851
76,126.8771776,37.50217699
76,127.0117006,37.51903408
76,127.128095,37.55190676
76,126.8164618,37.58476484
76,126.8164535,37.58566613
76,126.8771851,37.50127567
76,126.9022103,37.48427922
76,126.9022103,37.48427922
76,126.9825529,37.47925026
76,126.9950363,37.47299474
76,127.0737078,37.55983509
76,127.0737078,37.55983509
76,127.0222801,37.63444973
76,127.0438522,37.62822573
76,127.1017975,37.60049387
76,126.8301412,37.57492854
76,126.8177259,37.57035075
76,126.900322,37.57891129
76,127.0560606,37.67153646
76,127.0559692,37.68685877
76,126.9649835,37.5638992
76,126.9339614,37.47361931
76,127.1463365,37.52492212
76,126.9213366,37.6439125
76,127.0722508,37.61661466
76,127.0722508,37.61661466
76,127.0710452,37.62922907
76,127.1095247,37.63927743
76,127.1058513,37.47612045
76,127.0445947,37.69222338
76,126.8168487,37.54240409
76,126.7994482,37.5873691
76,126.8018228,37.57566579
76,126.8714757,37.50755489
76,126.8645345,37.52554475
76,126.8386654,37.50737575
76,126.7680448,37.55563175
77,127.0668206,37.57603432
77,126.8602541,37.49667843
77,127.1034226,37.50766
77,127.0169049,37.58936078
77,126.8270683,37.53885739
77,127.0356428,37.49028717
77,127.0785766,37.49946173
77,127.0751929,37.49764689
77,126.8475203,37.52995871
77,126.9060274,37.57353209
77,126.9060274,37.57353209
77,127.129303,37.53658752
77,126.8316682,37.53077141
77,126.8374145,37.52088897
77,127.058973,37.56248502
77,127.058973,37.56248502
77,127.0589677,37.56338635
77,126.8608549,37.55887468
77,126.8586369,37.55345459
77,126.8608626,37.55797338
77,127.1317174,37.50594889
77,127.032418,37.64440506
77,126.8978669,37.46172322
77,127.0609412,37.61296776
77,127.0413863,37.66066431
77,127.075778,37.59409379
77,127.0840381,37.53463405
77,127.1034178,37.50856135
77,127.0279354,37.63627517
77,127.0599462,37.5895291
77,126.8995368,37.53564274
77,126.9531867,37.47370984
77,126.929239,37.49973594
77,127.0983262,37.61400227
77,127.0522496,37.55074215
77,127.0792574,37.57968469
77,127.0770739,37.5652553
77,127.0675304,37.64904569
77,126.8376614,37.49294851
77,126.8771776,37.50217699
77,127.0117006,37.51903408
77,127.128095,37.55190676
77,126.8164618,37.58476484
77,126.8164535,37.58566613
77,126.8771851,37.50127567
77,126.9022103,37.48427922
77,126.9022103,37.48427922
77,126.9825529,37.47925026
77,126.9950363,37.47299474
77,127.0737078,37.55983509
77,127.0737078,37.55983509
77,127.0222801,37.63444973
77,127.0438522,37.62822573
77,127.1017975,37.60049387
77,126.8301412,37.57492854
77,126.8177259,37.57035075
77,126.900322,37.57891129
77,127.0560606,37.67153646
77,127.0559692,37.68685877
77,126.9649835,37.5638992
77,126.9339614,37.47361931
77,127.1463365,37.52492212
77,126.9213366,37.6439125
77,127.0722508,37.61661466
77,127.0722508,37.61661466
77,127.0710452,37.62922907
77,127.1095247,37.63927743
77,127.1058513,37.47612045
77,127.0445947,37.69222338
77,126.8168487,37.54240409
77,126.7994482,37.5873691
77,126.8018228,37.57566579
77,126.8714757,37.50755489
77,126.8645345,37.52554475
77,126.8386654,37.50737575
77,126.7680448,37.55563175
77,126.7691857,37.55473748
